Sequence,Link Name,URL
1,Login,https://charmswiki.com/user/login?returnurl=%2fpages%2fallpages
2,Main Page,https://charmswiki.com/
3,Categories,https://charmswiki.com/pages/alltags
4,Add a new Adult record,https://charmswiki.com/wiki/228/add-a-new-adult-record
5,Adding a Child Record,https://charmswiki.com/wiki/53/adding-a-child-record
6,Adding a Family Record,https://charmswiki.com/wiki/80/adding-a-family-record
7,Adding a new Employer,https://charmswiki.com/wiki/225/adding-a-new-employer
8,Adding a New Establishment,https://charmswiki.com/wiki/195/adding-a-new-establishment
9,Adoption - On Hold Process,https://charmswiki.com/wiki/386/adoption-on-hold-process
10,Adoption Leadership Board - Adoption Support,https://charmswiki.com/wiki/203/adoption-leadership-board-adoption-support
11,Adoption Leadership Board - Families report,https://charmswiki.com/wiki/148/adoption-leadership-board-families-report
12,Adult - Education and Employment Details,https://charmswiki.com/wiki/306/adult-education-and-employment-details
13,Adult - Employment Requirements,https://charmswiki.com/wiki/307/adult-employment-requirements
14,Adult - Main Details,https://charmswiki.com/wiki/229/adult-main-details
15,Adult - Progress,https://charmswiki.com/wiki/390/adult-progress
16,ARIS - Monthly Data Requirements - Children,https://charmswiki.com/wiki/197/aris-monthly-data-requirements-children
17,ARIS - Monthly Data Requirements - Families,https://charmswiki.com/wiki/198/aris-monthly-data-requirements-families
18,ARIS - Practitioner Access - Logging In,https://charmswiki.com/wiki/199/aris-practitioner-access-logging-in
19,ARIS - Practitioner Access - Main Menu,https://charmswiki.com/wiki/196/aris-practitioner-access-main-menu
20,ARIS - Practitioner Access - Setup,https://charmswiki.com/wiki/200/aris-practitioner-access-setup
21,Carer Login - 2 Factor Authentication,https://charmswiki.com/wiki/400/carer-login-2-factor-authentication
22,Carer Login - Carer Logs,https://charmswiki.com/wiki/171/carer-login-carer-logs
23,Carer Login - Carer Record,https://charmswiki.com/wiki/249/carer-login-carer-record
24,Carer Login - Chat Facility,https://charmswiki.com/wiki/343/carer-login-chat-facility
25,Carer Login - Child Record,https://charmswiki.com/wiki/4/carer-login-child-record
26,Carer Login - Downloads,https://charmswiki.com/wiki/5/carer-login-downloads
27,Carer Login - Form F,https://charmswiki.com/wiki/6/carer-login-form-f
28,Carer Login - Main Menu,https://charmswiki.com/wiki/3/carer-login-main-menu
29,Carer Login - PAR,https://charmswiki.com/wiki/7/carer-login-par
30,Carer Login - Remittances,https://charmswiki.com/wiki/250/carer-login-remittances
31,Carer Login - Setup,https://charmswiki.com/wiki/1/carer-login-setup
32,CHARMS - 2 Factor Authentication Setup,https://charmswiki.com/wiki/387/charms-2-factor-authentication-setup
33,"CHARMS Pay Remote Desktop - Download Files, Upload Files & Using Fullscreen Mode",https://charmswiki.com/wiki/411/charms-pay-remote-desktop-download-files-upload-files-using-fullscreen-mode
34,Charms-Pay - Approved Carers,https://charmswiki.com/wiki/272/charms-pay-approved-carers
35,Charms-Pay - Average count of placements by region and agency (Report 18),https://charmswiki.com/wiki/317/charms-pay-average-count-of-placements-by-region-and-agency-report-18
36,Charms-Pay - Carer Annual Statement (Report 67),https://charmswiki.com/wiki/327/charms-pay-carer-annual-statement-report-67
37,Charms-Pay - Carers,https://charmswiki.com/wiki/271/charms-pay-carers
38,Charms-Pay - Carers - Other Payments,https://charmswiki.com/wiki/275/charms-pay-carers-other-payments
39,Charms-Pay - Carers - Payment Details,https://charmswiki.com/wiki/274/charms-pay-carers-payment-details
40,Charms-Pay - Carers - Placement / Details,https://charmswiki.com/wiki/273/charms-pay-carers-placement-details
41,Charms-Pay - Carers - Regular Payments,https://charmswiki.com/wiki/277/charms-pay-carers-regular-payments
42,Charms-Pay - Carers - Remittances,https://charmswiki.com/wiki/276/charms-pay-carers-remittances
43,Charms-Pay - Carers - Respite,https://charmswiki.com/wiki/278/charms-pay-carers-respite
44,Charms-Pay - Child Details - Placement Details - Invoices,https://charmswiki.com/wiki/269/charms-pay-child-details-placement-details-invoices
45,Charms-Pay - Child Details - Placement Details - Payment History,https://charmswiki.com/wiki/268/charms-pay-child-details-placement-details-payment-history
46,Charms-Pay - Child Details - Placement Details - Placement Costs,https://charmswiki.com/wiki/267/charms-pay-child-details-placement-details-placement-costs
47,Charms-Pay - Child Details - Placement Details - Savings,https://charmswiki.com/wiki/270/charms-pay-child-details-placement-details-savings
48,Charms-Pay - Child Search,https://charmswiki.com/wiki/266/charms-pay-child-search
49,Charms-Pay - Children,https://charmswiki.com/wiki/169/charms-pay-children
50,Charms-Pay - How to Disable a User Account,https://charmswiki.com/wiki/328/charms-pay-how-to-disable-a-user-account
51,Charms-Pay - How to Use Reports,https://charmswiki.com/wiki/285/charms-pay-how-to-use-reports
52,Charms-Pay - Invoices,https://charmswiki.com/wiki/279/charms-pay-invoices
53,Charms-Pay - Invoices - Credit Notes,https://charmswiki.com/wiki/281/charms-pay-invoices-credit-notes
54,Charms-Pay - Invoices - Export to Excel,https://charmswiki.com/wiki/282/charms-pay-invoices-export-to-excel
55,Charms-Pay - Invoices - Invoice Summary Reports,https://charmswiki.com/wiki/283/charms-pay-invoices-invoice-summary-reports
56,Charms-Pay - Invoices - Re-send Invoices,https://charmswiki.com/wiki/280/charms-pay-invoices-re-send-invoices
57,Charms-Pay - Logging In,https://charmswiki.com/wiki/264/charms-pay-logging-in
58,Charms-Pay - Logging Off,https://charmswiki.com/wiki/265/charms-pay-logging-off
59,Charms-Pay - Main Menu,https://charmswiki.com/wiki/167/charms-pay-main-menu
60,Charms-Pay - Pay Carers,https://charmswiki.com/wiki/284/charms-pay-pay-carers
61,Charms-Pay - System Settings,https://charmswiki.com/wiki/286/charms-pay-system-settings
62,Charms-Pay Report - All payments between dates summary MS Excel Export (Report 57),https://charmswiki.com/wiki/363/charms-pay-report-all-payments-between-dates-summary-ms-excel-export-report
63,Charms-Pay Report - All placements active at given date showing payment/invoice amounts (cross module)  (Report 58),https://charmswiki.com/wiki/310/charms-pay-report-all-placements-active-at-given-date-showing-paymentinvoic
64,Charms-Pay Report - All placements costs/charges between dates (Report 45),https://charmswiki.com/wiki/313/charms-pay-report-all-placements-costscharges-between-dates-report-45
65,Charms-Pay Report - All placements fees/charges between dates (Report 50),https://charmswiki.com/wiki/309/charms-pay-report-all-placements-feescharges-between-dates-report-50
66,Charms-Pay Report - All placements with daily charge (cross module) (Report 56),https://charmswiki.com/wiki/316/charms-pay-report-all-placements-with-daily-charge-cross-module-report-56
67,Charms-Portal - Charms Lite,https://charmswiki.com/wiki/140/charms-portal-charms-lite
68,Charms-Portal - Charms Lite - Care Homes,https://charmswiki.com/wiki/143/charms-portal-charms-lite-care-homes
69,Charms-Portal - Charms Lite - Supported Accommodation,https://charmswiki.com/wiki/224/charms-portal-charms-lite-supported-accommodation
70,Charms-Portal - Charms Live Search,https://charmswiki.com/wiki/127/charms-portal-charms-live-search
71,Charms-Portal - Frameworks,https://charmswiki.com/wiki/131/charms-portal-frameworks
72,Charms-Portal - IFP Compliance,https://charmswiki.com/wiki/141/charms-portal-ifp-compliance
73,Charms-Portal - Independent Children's Homes Association Handbook,https://charmswiki.com/wiki/263/charms-portal-independent-childrens-homes-association-handbook
74,Charms-Portal - Logging In,https://charmswiki.com/wiki/126/charms-portal-logging-in
75,Charms-Portal - Managing Organisation Details,https://charmswiki.com/wiki/129/charms-portal-managing-organisation-details
76,Charms-Portal - Receiving Documents,https://charmswiki.com/wiki/125/charms-portal-receiving-documents
77,Charms-Portal - Record Card,https://charmswiki.com/wiki/260/charms-portal-record-card
78,Charms-Portal - Referrals,https://charmswiki.com/wiki/128/charms-portal-referrals
79,Charms-Portal - Responding to Referrals,https://charmswiki.com/wiki/144/charms-portal-responding-to-referrals
80,Charms-Portal - Sharing a document safely and securely,https://charmswiki.com/wiki/124/charms-portal-sharing-a-document-safely-and-securely
81,Charms-Portal - User Account Details,https://charmswiki.com/wiki/130/charms-portal-user-account-details
82,Closing/Withdrawing a Child Record,https://charmswiki.com/wiki/389/closingwithdrawing-a-child-record
83,Comments,https://charmswiki.com/wiki/412/comments
84,Contacts,https://charmswiki.com/wiki/116/contacts
85,COVID-19 Risk Assessment,https://charmswiki.com/wiki/358/covid-19-risk-assessment
86,Current messages and alerts,https://charmswiki.com/wiki/253/current-messages-and-alerts
87,Dashboard - Accessing the Dashboard,https://charmswiki.com/wiki/118/dashboard-accessing-the-dashboard
88,Dashboard - Widget Guide,https://charmswiki.com/wiki/119/dashboard-widget-guide
89,Deleting a Family or Child Record,https://charmswiki.com/wiki/396/deleting-a-family-or-child-record
90,Document Store,https://charmswiki.com/wiki/373/document-store
91,Edit Lookup Lists - Action Automated Emails,https://charmswiki.com/wiki/231/edit-lookup-lists-action-automated-emails
92,Employer - Employment Offerings,https://charmswiki.com/wiki/308/employer-employment-offerings
93,Employer - Main Details,https://charmswiki.com/wiki/226/employer-main-details
94,Employer - Progress,https://charmswiki.com/wiki/227/employer-progress
95,Employment Episodes - Adult Services - additional fields,https://charmswiki.com/wiki/183/employment-episodes-adult-services-additional-fields
96,Enquiries - Audit Log,https://charmswiki.com/wiki/342/enquiries-audit-log
97,Enquiries - Progress,https://charmswiki.com/wiki/11/enquiries-progress
98,Family - Application Form,https://charmswiki.com/wiki/288/family-application-form
99,Fixing PDFs that do not view properly in the CHARMS document viewer,https://charmswiki.com/wiki/374/fixing-pdfs-that-do-not-view-properly-in-the-charms-document-viewer
100,Form F 2014 - Completing and Updating,https://charmswiki.com/wiki/34/form-f-2014-completing-and-updating
101,Form F 2014 - Documents,https://charmswiki.com/wiki/33/form-f-2014-documents
102,Form F 2014 - Front Sheet,https://charmswiki.com/wiki/27/form-f-2014-front-sheet
103,Form F 2014 - Print Form F,https://charmswiki.com/wiki/35/form-f-2014-print-form-f
104,Form F 2014 - Section A,https://charmswiki.com/wiki/28/form-f-2014-section-a
105,Form F 2014 - Section B,https://charmswiki.com/wiki/29/form-f-2014-section-b
106,Form F 2014 - Section C,https://charmswiki.com/wiki/30/form-f-2014-section-c
107,Form F 2014 - Section D,https://charmswiki.com/wiki/31/form-f-2014-section-d
108,Form F 2014 - Section E,https://charmswiki.com/wiki/32/form-f-2014-section-e
109,Form F 2014 - Setup,https://charmswiki.com/wiki/25/form-f-2014-setup
110,Form F 2014 - Summary Screen,https://charmswiki.com/wiki/26/form-f-2014-summary-screen
111,Form F 2016 Scotland - Completing or Updating,https://charmswiki.com/wiki/238/form-f-2016-scotland-completing-or-updating
112,Form F 2016 Scotland - Documents,https://charmswiki.com/wiki/237/form-f-2016-scotland-documents
113,Form F 2016 Scotland - Printing,https://charmswiki.com/wiki/239/form-f-2016-scotland-printing
114,Form F 2016 Scotland - Section A,https://charmswiki.com/wiki/240/form-f-2016-scotland-section-a
115,Form F 2016 Scotland - Section B,https://charmswiki.com/wiki/241/form-f-2016-scotland-section-b
116,Form F 2016 Scotland - Section C,https://charmswiki.com/wiki/242/form-f-2016-scotland-section-c
117,Form F 2016 Scotland - Section D,https://charmswiki.com/wiki/256/form-f-2016-scotland-section-d
118,Form F 2016 Scotland - Section E,https://charmswiki.com/wiki/257/form-f-2016-scotland-section-e
119,Form F 2016 Scotland - Section F,https://charmswiki.com/wiki/258/form-f-2016-scotland-section-f
120,Form F 2016 Scotland - Section G,https://charmswiki.com/wiki/259/form-f-2016-scotland-section-g
121,Form F 2016 Scotland - Setup,https://charmswiki.com/wiki/235/form-f-2016-scotland-setup
122,Form F 2016 Scotland - Summary,https://charmswiki.com/wiki/236/form-f-2016-scotland-summary
123,Form F 2017 - Completing or Updating,https://charmswiki.com/wiki/204/form-f-2017-completing-or-updating
124,Form F 2017 - Documents,https://charmswiki.com/wiki/205/form-f-2017-documents
125,Form F 2017 - Front Sheet,https://charmswiki.com/wiki/206/form-f-2017-front-sheet
126,Form F 2017 - Printing,https://charmswiki.com/wiki/207/form-f-2017-printing
127,Form F 2017 - Section A (Part 1),https://charmswiki.com/wiki/208/form-f-2017-section-a-part-1
128,Form F 2017 - Section A (Part 2),https://charmswiki.com/wiki/209/form-f-2017-section-a-part-2
129,Form F 2017 - Section B,https://charmswiki.com/wiki/210/form-f-2017-section-b
130,Form F 2017 - Section C,https://charmswiki.com/wiki/211/form-f-2017-section-c
131,Form F 2017 - Section D,https://charmswiki.com/wiki/212/form-f-2017-section-d
132,Form F 2017 - Section E,https://charmswiki.com/wiki/213/form-f-2017-section-e
133,Form F 2017 - Setup,https://charmswiki.com/wiki/214/form-f-2017-setup
134,Form F 2017 - Summary,https://charmswiki.com/wiki/215/form-f-2017-summary
135,Form F 2018 - Completing or Updating,https://charmswiki.com/wiki/351/form-f-2018-completing-or-updating
136,Form F 2018 - Documents,https://charmswiki.com/wiki/344/form-f-2018-documents
137,Form F 2018 - Front Sheet,https://charmswiki.com/wiki/348/form-f-2018-front-sheet
138,Form F 2018 - Printing,https://charmswiki.com/wiki/345/form-f-2018-printing
139,Form F 2018 - Section A,https://charmswiki.com/wiki/355/form-f-2018-section-a
140,Form F 2018 - Section A (Part 2),https://charmswiki.com/wiki/354/form-f-2018-section-a-part-2
141,Form F 2018 - Section B,https://charmswiki.com/wiki/349/form-f-2018-section-b
142,Form F 2018 - Section C,https://charmswiki.com/wiki/353/form-f-2018-section-c
143,Form F 2018 - Section D,https://charmswiki.com/wiki/347/form-f-2018-section-d
144,Form F 2018 - Section E,https://charmswiki.com/wiki/352/form-f-2018-section-e
145,Form F 2018 - Setup,https://charmswiki.com/wiki/346/form-f-2018-setup
146,Form F 2018 - Summary,https://charmswiki.com/wiki/350/form-f-2018-summary
147,Formatting text in CHARMS,https://charmswiki.com/wiki/332/formatting-text-in-charms
148,Foster Carer Transfers,https://charmswiki.com/wiki/361/foster-carer-transfers
149,Fostering / Adoption Enquiry - Application Form,https://charmswiki.com/wiki/8/fostering-adoption-enquiry-application-form
150,General Notes,https://charmswiki.com/wiki/50/general-notes
151,Independent Assessors - Setup,https://charmswiki.com/wiki/120/independent-assessors-setup
152,Independent Assessors - Using Charms,https://charmswiki.com/wiki/121/independent-assessors-using-charms
153,Logging In,https://charmswiki.com/wiki/51/logging-in
154,Logging in - Resetting Passwords,https://charmswiki.com/wiki/147/logging-in-resetting-passwords
155,Mail Merge - Quick Merge,https://charmswiki.com/wiki/331/mail-merge-quick-merge
156,Main Menu - My Account,https://charmswiki.com/wiki/223/main-menu-my-account
157,Main Menu - Notice Board,https://charmswiki.com/wiki/406/main-menu-notice-board
158,Main Menu - Overview,https://charmswiki.com/wiki/362/main-menu-overview
159,Main Menu - Reports - Vacancy List,https://charmswiki.com/wiki/369/main-menu-reports-vacancy-list
160,Mini Record Card,https://charmswiki.com/wiki/297/mini-record-card
161,Modify Child - Address At Referral,https://charmswiki.com/wiki/69/modify-child-address-at-referral
162,Modify Child - Address Moved Onto,https://charmswiki.com/wiki/70/modify-child-address-moved-onto
163,Modify Child - Audit Log,https://charmswiki.com/wiki/101/modify-child-audit-log
164,Modify Child - Birth Parents,https://charmswiki.com/wiki/64/modify-child-birth-parents
165,Modify Child - Checklist,https://charmswiki.com/wiki/74/modify-child-checklist
166,Modify Child - Child Protection Plan,https://charmswiki.com/wiki/68/modify-child-child-protection-plan
167,Modify Child - Contact Issues,https://charmswiki.com/wiki/56/modify-child-contact-issues
168,Modify Child - Contacts,https://charmswiki.com/wiki/60/modify-child-contacts
169,Modify Child - Diary,https://charmswiki.com/wiki/76/modify-child-diary
170,Modify Child - Education Details,https://charmswiki.com/wiki/67/modify-child-education-details
171,Modify Child - Ending a Placement,https://charmswiki.com/wiki/156/modify-child-ending-a-placement
172,Modify Child - Find A Family,https://charmswiki.com/wiki/72/modify-child-find-a-family
173,Modify Child - GP Details,https://charmswiki.com/wiki/65/modify-child-gp-details
174,Modify Child - Letterbox,https://charmswiki.com/wiki/300/modify-child-letterbox
175,Modify Child - Letterbox - Managing Agreements,https://charmswiki.com/wiki/301/modify-child-letterbox-managing-agreements
176,Modify Child - Main Details,https://charmswiki.com/wiki/54/modify-child-main-details
177,Modify Child - Making a Placement and Placement Details,https://charmswiki.com/wiki/155/modify-child-making-a-placement-and-placement-details
178,Modify Child - Making a Placement and Placement Details - Residential,https://charmswiki.com/wiki/73/modify-child-making-a-placement-and-placement-details-residential
179,Modify Child - Making Progress visible to other users,https://charmswiki.com/wiki/318/modify-child-making-progress-visible-to-other-users
180,Modify Child - Matching Considerations,https://charmswiki.com/wiki/55/modify-child-matching-considerations
181,Modify Child - Notes (Care Plan),https://charmswiki.com/wiki/57/modify-child-notes-care-plan
182,Modify Child - Other Professionals,https://charmswiki.com/wiki/71/modify-child-other-professionals
183,Modify Child - Personal Details,https://charmswiki.com/wiki/61/modify-child-personal-details
184,Modify Child - Photo,https://charmswiki.com/wiki/63/modify-child-photo
185,Modify Child - Potential Links,https://charmswiki.com/wiki/360/modify-child-potential-links
186,Modify Child - Progress,https://charmswiki.com/wiki/59/modify-child-progress
187,Modify Child - Record Card,https://charmswiki.com/wiki/62/modify-child-record-card
188,Modify Child - Relatives,https://charmswiki.com/wiki/66/modify-child-relatives
189,Modify Child - Significant Events/Chronology,https://charmswiki.com/wiki/75/modify-child-significant-eventschronology
190,Modify Child - Social Worker,https://charmswiki.com/wiki/58/modify-child-social-worker
191,Modify Child - Standard Letter,https://charmswiki.com/wiki/77/modify-child-standard-letter
192,Modify Child - Training,https://charmswiki.com/wiki/139/modify-child-training
193,Modify Establishment - Carer Log,https://charmswiki.com/wiki/176/modify-establishment-carer-log
194,Modify Establishment - Carer Log History,https://charmswiki.com/wiki/177/modify-establishment-carer-log-history
195,Modify Establishment - Ending a Placement,https://charmswiki.com/wiki/185/modify-establishment-ending-a-placement
196,Modify Establishment - Health and Safety,https://charmswiki.com/wiki/175/modify-establishment-health-and-safety
197,Modify Establishment - Main Details,https://charmswiki.com/wiki/160/modify-establishment-main-details
198,Modify Establishment - Making a Placement and Placement Details,https://charmswiki.com/wiki/163/modify-establishment-making-a-placement-and-placement-details
199,Modify Establishment - Other Details,https://charmswiki.com/wiki/173/modify-establishment-other-details
200,Modify Establishment - Progress,https://charmswiki.com/wiki/164/modify-establishment-progress
201,Modify Establishment - Record Card,https://charmswiki.com/wiki/178/modify-establishment-record-card
202,Modify Establishment - Services,https://charmswiki.com/wiki/161/modify-establishment-services
203,Modify Establishment - Significant Events / Chronology,https://charmswiki.com/wiki/321/modify-establishment-significant-events-chronology
204,Modify Establishment - Statutory Checks,https://charmswiki.com/wiki/174/modify-establishment-statutory-checks
205,Modify Family - Audit Log,https://charmswiki.com/wiki/232/modify-family-audit-log
206,Modify Family - Carer Training,https://charmswiki.com/wiki/94/modify-family-carer-training
207,Modify Family - CHARMS Chat,https://charmswiki.com/wiki/340/modify-family-charms-chat
208,Modify Family - Contact Issues,https://charmswiki.com/wiki/84/modify-family-contact-issues
209,Modify Family - Copy Record,https://charmswiki.com/wiki/375/modify-family-copy-record
210,Modify Family - Diary,https://charmswiki.com/wiki/98/modify-family-diary
211,Modify Family - Ending A Placement,https://charmswiki.com/wiki/154/modify-family-ending-a-placement
212,Modify Family - Find a Child,https://charmswiki.com/wiki/89/modify-family-find-a-child
213,Modify Family - GP Details,https://charmswiki.com/wiki/96/modify-family-gp-details
214,Modify Family - Health & Safety,https://charmswiki.com/wiki/97/modify-family-health-safety
215,Modify Family - Mailing Lists,https://charmswiki.com/wiki/99/modify-family-mailing-lists
216,Modify Family - Main Details,https://charmswiki.com/wiki/81/modify-family-main-details
217,Modify Family - Main Details - User Registration,https://charmswiki.com/wiki/382/modify-family-main-details-user-registration
218,Modify Family - Making A Placement and Placement Details,https://charmswiki.com/wiki/153/modify-family-making-a-placement-and-placement-details
219,Modify Family - Matching Considerations,https://charmswiki.com/wiki/85/modify-family-matching-considerations
220,Modify Family - Notes,https://charmswiki.com/wiki/86/modify-family-notes
221,Modify Family - Other Family Members,https://charmswiki.com/wiki/83/modify-family-other-family-members
222,Modify Family - Other Professionals,https://charmswiki.com/wiki/364/modify-family-other-professionals
223,Modify Family - Personal Details,https://charmswiki.com/wiki/88/modify-family-personal-details
224,Modify Family - Photos,https://charmswiki.com/wiki/380/modify-family-photos
225,Modify Family - Placements - Shared Lives,https://charmswiki.com/wiki/90/modify-family-placements-shared-lives
226,Modify Family - Potential Links,https://charmswiki.com/wiki/359/modify-family-potential-links
227,Modify Family - Previous Address,https://charmswiki.com/wiki/95/modify-family-previous-address
228,Modify Family - Progress,https://charmswiki.com/wiki/87/modify-family-progress
229,Modify Family - Record Card,https://charmswiki.com/wiki/91/modify-family-record-card
230,Modify Family - Referees,https://charmswiki.com/wiki/82/modify-family-referees
231,Modify Family - Significant Events / Chronology,https://charmswiki.com/wiki/314/modify-family-significant-events-chronology
232,Modify Family - Social Worker,https://charmswiki.com/wiki/92/modify-family-social-worker
233,Modify Family - Standard Letter,https://charmswiki.com/wiki/100/modify-family-standard-letter
234,Modify Family - Stat Checks,https://charmswiki.com/wiki/93/modify-family-stat-checks
235,Modify Records - Manage User Access,https://charmswiki.com/wiki/305/modify-records-manage-user-access
236,My Reports - Adoption Inspection Report,https://charmswiki.com/wiki/194/my-reports-adoption-inspection-report
237,My Reports - Adoption List 11 report,https://charmswiki.com/wiki/261/my-reports-adoption-list-11-report
238,My Reports - Fostering OFSTED Dataset 2015-16 - Mapping Codes,https://charmswiki.com/wiki/14/my-reports-fostering-ofsted-dataset-2015-16-mapping-codes
239,My Reports - Fostering OFSTED Dataset 2016-17 - Guidance for Children,https://charmswiki.com/wiki/136/my-reports-fostering-ofsted-dataset-2016-17-guidance-for-children
240,My Reports - Fostering OFSTED Dataset 2016-17 - Guidance for Families,https://charmswiki.com/wiki/137/my-reports-fostering-ofsted-dataset-2016-17-guidance-for-families
241,My Reports - Fostering OFSTED Dataset 2016-17 - Guidance for Other Data,https://charmswiki.com/wiki/138/my-reports-fostering-ofsted-dataset-2016-17-guidance-for-other-data
242,My Reports - Fostering OFSTED Dataset 2016-17 - Mapping Codes,https://charmswiki.com/wiki/135/my-reports-fostering-ofsted-dataset-2016-17-mapping-codes
243,My Reports - Fostering OFSTED Dataset 2017-18 - Guidance for Children,https://charmswiki.com/wiki/191/my-reports-fostering-ofsted-dataset-2017-18-guidance-for-children
244,My Reports - Fostering OFSTED Dataset 2017-18 - Guidance for Families,https://charmswiki.com/wiki/190/my-reports-fostering-ofsted-dataset-2017-18-guidance-for-families
245,My Reports - Fostering OFSTED Dataset 2017-18 - Guidance for Other Data,https://charmswiki.com/wiki/192/my-reports-fostering-ofsted-dataset-2017-18-guidance-for-other-data
246,My Reports - Fostering OFSTED Dataset 2019-20 - Mapping Codes,https://charmswiki.com/wiki/193/my-reports-fostering-ofsted-dataset-2019-20-mapping-codes
247,My Reports - Fostering OFSTED Dataset 2020-21 - Guidance for Families,https://charmswiki.com/wiki/368/my-reports-fostering-ofsted-dataset-2020-21-guidance-for-families
248,My Reports - Fostering OFSTED Dataset 2021-22 - Guidance for Families,https://charmswiki.com/wiki/384/my-reports-fostering-ofsted-dataset-2021-22-guidance-for-families
249,My Reports - Fostering OFSTED Dataset 2021-22 - Mapping Codes,https://charmswiki.com/wiki/383/my-reports-fostering-ofsted-dataset-2021-22-mapping-codes
250,My Reports - Fostering Ofsted Dataset 2022-23 - Guidance for Families,https://charmswiki.com/wiki/398/my-reports-fostering-ofsted-dataset-2022-23-guidance-for-families
251,My Reports - Fostering Ofsted Dataset 2022-23 - Mapping Codes,https://charmswiki.com/wiki/399/my-reports-fostering-ofsted-dataset-2022-23-mapping-codes
252,My Reports - Fostering Ofsted Dataset 2023-2024 - Mapping Codes,https://charmswiki.com/wiki/410/my-reports-fostering-ofsted-dataset-2023-2024-mapping-codes
253,My Reports - Fostering Ofsted Dataset 2023-24 - Guidance for Families,https://charmswiki.com/wiki/409/my-reports-fostering-ofsted-dataset-2023-24-guidance-for-families
254,My Reports - Fostering Ofsted Dataset 2024-25 - Guidance for Families,https://charmswiki.com/wiki/413/my-reports-fostering-ofsted-dataset-2024-25-guidance-for-families
255,My Reports - History and Shared With Me,https://charmswiki.com/wiki/324/my-reports-history-and-shared-with-me
256,Ofsted Assurance Visits: Children's Homes,https://charmswiki.com/wiki/357/ofsted-assurance-visits-childrens-homes
257,Ofsted Assurance Visits: Independent Fostering Agencies,https://charmswiki.com/wiki/356/ofsted-assurance-visits-independent-fostering-agencies
258,Ofsted Inspections,https://charmswiki.com/wiki/367/ofsted-inspections
259,OMG,https://charmswiki.com/wiki/393/omg
260,OMG - Changing an expired secret,https://charmswiki.com/wiki/401/omg-changing-an-expired-secret
261,OMG - Google Technical Setup,https://charmswiki.com/wiki/408/omg-google-technical-setup
262,OMG - Microsoft Azure Technical Setup (IMAP),https://charmswiki.com/wiki/394/omg-microsoft-azure-technical-setup-imap
263,OMG - Microsoft Azure Technical Setup (Microsoft Graph API Permissions),https://charmswiki.com/wiki/403/omg-microsoft-azure-technical-setup-microsoft-graph-api-permissions
264,OMG2,https://charmswiki.com/wiki/41/omg2
265,OMG2 - Adding a Child,https://charmswiki.com/wiki/133/omg2-adding-a-child
266,OMG3 - Google Technical Setup,https://charmswiki.com/wiki/404/omg3-google-technical-setup
267,Options - Administer All Accounts - Disabling Users,https://charmswiki.com/wiki/145/options-administer-all-accounts-disabling-users
268,Options - Data Change Requests,https://charmswiki.com/wiki/388/options-data-change-requests
269,Options - Data Retention - Authorising a Request,https://charmswiki.com/wiki/217/options-data-retention-authorising-a-request
270,Options - Data Retention - Details of changes to records,https://charmswiki.com/wiki/219/options-data-retention-details-of-changes-to-records
271,Options - Data Retention - Making a Request,https://charmswiki.com/wiki/202/options-data-retention-making-a-request
272,Options - Data Retention - Request Completed,https://charmswiki.com/wiki/216/options-data-retention-request-completed
273,Options - Data Retention - Setup,https://charmswiki.com/wiki/218/options-data-retention-setup
274,Options - Diary,https://charmswiki.com/wiki/110/options-diary
275,Options - Mail Merge - Merge Fields,https://charmswiki.com/wiki/370/options-mail-merge-merge-fields
276,Options - Mail Merge - Running Mail Merge,https://charmswiki.com/wiki/330/options-mail-merge-running-mail-merge
277,Options - Mail Merge - Setting Up Templates,https://charmswiki.com/wiki/329/options-mail-merge-setting-up-templates
278,Options - Manage Notice Board,https://charmswiki.com/wiki/407/options-manage-notice-board
279,Options - Manage Signatures - Viewing and Removing Signature Requests,https://charmswiki.com/wiki/333/options-manage-signatures-viewing-and-removing-signature-requests
280,Options - Outcomes Tracker - Edit Recordings,https://charmswiki.com/wiki/378/options-outcomes-tracker-edit-recordings
281,Options - Outcomes Tracker - Home,https://charmswiki.com/wiki/376/options-outcomes-tracker-home
282,Options - Outcomes Tracker - Outcome Profile,https://charmswiki.com/wiki/377/options-outcomes-tracker-outcome-profile
283,Options - Outcomes Tracker - Settings,https://charmswiki.com/wiki/379/options-outcomes-tracker-settings
284,Options - Social Workers,https://charmswiki.com/wiki/113/options-social-workers
285,Options - Training - Adding a Course,https://charmswiki.com/wiki/46/options-training-adding-a-course
286,Options - Training - Archiving a Course,https://charmswiki.com/wiki/172/options-training-archiving-a-course
287,Options - Training - Calendar,https://charmswiki.com/wiki/385/options-training-calendar
288,Options - Training - Course Search and Settings,https://charmswiki.com/wiki/45/options-training-course-search-and-settings
289,Options - Training - Delegate lists and Certificates,https://charmswiki.com/wiki/170/options-training-delegate-lists-and-certificates
290,Options - Training - Using a course,https://charmswiki.com/wiki/47/options-training-using-a-course
291,Options - Training - Waiting Lists,https://charmswiki.com/wiki/234/options-training-waiting-lists
292,Other Options - Administer All Accounts - Modules,https://charmswiki.com/wiki/312/other-options-administer-all-accounts-modules
293,Other Options - Administer All Accounts - Record Locks,https://charmswiki.com/wiki/287/other-options-administer-all-accounts-record-locks
294,Other Options - Agencies,https://charmswiki.com/wiki/365/other-options-agencies
295,Other Options - Correspondence,https://charmswiki.com/wiki/114/other-options-correspondence
296,Other Options - Edit Lookup Lists - Manage Lookup Lists,https://charmswiki.com/wiki/381/other-options-edit-lookup-lists-manage-lookup-lists
297,Other Options - Edit Lookup Lists - Staff Actions,https://charmswiki.com/wiki/248/other-options-edit-lookup-lists-staff-actions
298,Other Options - Enquiries,https://charmswiki.com/wiki/9/other-options-enquiries
299,Other Options - Enquiries - Main Details,https://charmswiki.com/wiki/10/other-options-enquiries-main-details
300,Other Options - Enquiries - Other Professionals,https://charmswiki.com/wiki/391/other-options-enquiries-other-professionals
301,Other Options - Enquiries - Personal Details,https://charmswiki.com/wiki/12/other-options-enquiries-personal-details
302,Other Options - Enquiries - Record Card,https://charmswiki.com/wiki/13/other-options-enquiries-record-card
303,Other Options - Fostering OFSTED Dataset 2015-16 - Guidance for Children,https://charmswiki.com/wiki/16/other-options-fostering-ofsted-dataset-2015-16-guidance-for-children
304,Other Options - Fostering OFSTED Dataset 2015-16 - Guidance for Families,https://charmswiki.com/wiki/15/other-options-fostering-ofsted-dataset-2015-16-guidance-for-families
305,Other Options - Letterbox - Correspondence Setup,https://charmswiki.com/wiki/302/other-options-letterbox-correspondence-setup
306,Other Options - Letterbox - Enter Post,https://charmswiki.com/wiki/298/other-options-letterbox-enter-post
307,Other Options - Letterbox - Letterbox Manager,https://charmswiki.com/wiki/294/other-options-letterbox-letterbox-manager
308,Other Options - Letterbox - Mail Overview,https://charmswiki.com/wiki/299/other-options-letterbox-mail-overview
309,"Other Options - Maintain Other Professionals, GPs, and Schools",https://charmswiki.com/wiki/315/other-options-maintain-other-professionals-gps-and-schools
310,Other Options - Postcode Search,https://charmswiki.com/wiki/111/other-options-postcode-search
311,Other Options - Standard Letter,https://charmswiki.com/wiki/115/other-options-standard-letter
312,Other Options - Training - Self Enrolment for Staff and Carer Login,https://charmswiki.com/wiki/221/other-options-training-self-enrolment-for-staff-and-carer-login
313,Other Options - Uploaded Files (View or Upload),https://charmswiki.com/wiki/146/other-options-uploaded-files-view-or-upload
314,Panel Member - Making progress actions visible to Panel Members,https://charmswiki.com/wiki/220/panel-member-making-progress-actions-visible-to-panel-members
315,Panel Member - Setup,https://charmswiki.com/wiki/48/panel-member-setup
316,Panel Member Login,https://charmswiki.com/wiki/49/panel-member-login
317,PAR - Contents Page,https://charmswiki.com/wiki/20/par-contents-page
318,PAR - Family Tree,https://charmswiki.com/wiki/22/par-family-tree
319,PAR - Front sheet,https://charmswiki.com/wiki/19/par-front-sheet
320,PAR - Part 1: Assessment Report,https://charmswiki.com/wiki/23/par-part-1-assessment-report
321,PAR - Part 2: Factual Information,https://charmswiki.com/wiki/24/par-part-2-factual-information
322,PAR - Setup,https://charmswiki.com/wiki/17/par-setup
323,PAR - Summary Pen Picture,https://charmswiki.com/wiki/21/par-summary-pen-picture
324,PAR - Summary screen,https://charmswiki.com/wiki/18/par-summary-screen
325,PAR 2016 - Contents,https://charmswiki.com/wiki/186/par-2016-contents
326,PAR 2016 - Part 1: Assessment Report,https://charmswiki.com/wiki/187/par-2016-part-1-assessment-report
327,PAR 2016 - Part 2: Factual Information,https://charmswiki.com/wiki/188/par-2016-part-2-factual-information
328,PAR 2016 - Summary Pen Picture,https://charmswiki.com/wiki/189/par-2016-summary-pen-picture
329,PAR 2018 - Contents,https://charmswiki.com/wiki/334/par-2018-contents
330,PAR 2018 - Part 1:Assessment Report,https://charmswiki.com/wiki/335/par-2018-part-1assessment-report
331,PAR 2018 - Part 2:Factual Information,https://charmswiki.com/wiki/336/par-2018-part-2factual-information
332,PAR 2018 - Summary Pen Picture,https://charmswiki.com/wiki/337/par-2018-summary-pen-picture
333,Progress - Editing documents uploaded to Progress in CHARMS,https://charmswiki.com/wiki/290/progress-editing-documents-uploaded-to-progress-in-charms
334,Progress - Prompting users to sign progress items,https://charmswiki.com/wiki/244/progress-prompting-users-to-sign-progress-items
335,Progress Tags,https://charmswiki.com/wiki/415/progress-tags
336,Recruitment Widget,https://charmswiki.com/wiki/414/recruitment-widget
337,Reports,https://charmswiki.com/wiki/117/reports
338,Reports - Admin Reports,https://charmswiki.com/wiki/325/reports-admin-reports
339,Reports - Assessment Checklist,https://charmswiki.com/wiki/112/reports-assessment-checklist
340,Reports - My Reports - Search Reports,https://charmswiki.com/wiki/201/reports-my-reports-search-reports
341,SCN Accredited Training,https://charmswiki.com/wiki/157/scn-accredited-training
342,SCN Accredited Training - Course Description,https://charmswiki.com/wiki/158/scn-accredited-training-course-description
343,Searching for a Child Record,https://charmswiki.com/wiki/52/searching-for-a-child-record
344,Searching for a Family Record,https://charmswiki.com/wiki/79/searching-for-a-family-record
345,Searching for an Establishment Record,https://charmswiki.com/wiki/159/searching-for-an-establishment-record
346,Sending SMS and Emails in CHARMS,https://charmswiki.com/wiki/254/sending-sms-and-emails-in-charms
347,Settings - Administer All Accounts - Account Details,https://charmswiki.com/wiki/311/settings-administer-all-accounts-account-details
348,Settings - Administer All Accounts - Account Details - Permissions/Groups,https://charmswiki.com/wiki/104/settings-administer-all-accounts-account-details-permissionsgroups
349,Settings - Administer All Accounts - Add User (Account Set Up),https://charmswiki.com/wiki/103/settings-administer-all-accounts-add-user-account-set-up
350,Settings - Administer All Accounts - Online Users,https://charmswiki.com/wiki/107/settings-administer-all-accounts-online-users
351,Settings - Administer All Accounts - Resetting a userâ€™s password or passphrase,https://charmswiki.com/wiki/108/settings-administer-all-accounts-resetting-a-users-password-or-passphrase
352,Settings - Administer All Accounts - User Log,https://charmswiki.com/wiki/106/settings-administer-all-accounts-user-log
353,Settings - Administer All Accounts - User Main Details - User Roles,https://charmswiki.com/wiki/402/settings-administer-all-accounts-user-main-details-user-roles
354,Settings - Administer All Accounts - User Restrictions,https://charmswiki.com/wiki/105/settings-administer-all-accounts-user-restrictions
355,Settings - Assessment Checklist Setup,https://charmswiki.com/wiki/303/settings-assessment-checklist-setup
356,Settings - Audit Log,https://charmswiki.com/wiki/366/settings-audit-log
357,Settings - Edit Lookup Lists - Action Related Data Fields,https://charmswiki.com/wiki/416/settings-edit-lookup-lists-action-related-data-fields
358,Settings - Edit Lookup Lists - Actions,https://charmswiki.com/wiki/230/settings-edit-lookup-lists-actions
359,Settings - Edit Lookup Lists - Daily Log Scores,https://charmswiki.com/wiki/405/settings-edit-lookup-lists-daily-log-scores
360,Settings - Manage Links,https://charmswiki.com/wiki/134/settings-manage-links
361,Settings - Manage Theme,https://charmswiki.com/wiki/102/settings-manage-theme
362,Settings - Record Card Settings,https://charmswiki.com/wiki/184/settings-record-card-settings
363,Sharing an SDQ,https://charmswiki.com/wiki/392/sharing-an-sdq
364,Sharing vacancies in the Charms-Portal,https://charmswiki.com/wiki/243/sharing-vacancies-in-the-charms-portal
365,Single Sign On,https://charmswiki.com/wiki/371/single-sign-on
366,Single Sign On - Technical Setup,https://charmswiki.com/wiki/397/single-sign-on-technical-setup
367,Staff - Main Details,https://charmswiki.com/wiki/43/staff-main-details
368,Staff / Other - Checklist,https://charmswiki.com/wiki/322/staff-other-checklist
369,Staff / Others - Audit Log,https://charmswiki.com/wiki/233/staff-others-audit-log
370,Staff / Others - Manage Annual Leave,https://charmswiki.com/wiki/292/staff-others-manage-annual-leave
371,"Staff / Others - Personal Details, Additional Info, Training and Contacts",https://charmswiki.com/wiki/44/staff-others-personal-details-additional-info-training-and-contacts
372,Staff / Others - Private,https://charmswiki.com/wiki/323/staff-others-private
373,Staff / Others - Progress,https://charmswiki.com/wiki/247/staff-others-progress
374,Staff / Others - Qualifications,https://charmswiki.com/wiki/293/staff-others-qualifications
375,Staff / Others - Record Card,https://charmswiki.com/wiki/262/staff-others-record-card
376,Staff / Others - Search and Setup,https://charmswiki.com/wiki/42/staff-others-search-and-setup
377,Staff / Others - Self Enrolment on Courses,https://charmswiki.com/wiki/222/staff-others-self-enrolment-on-courses
378,Staff Hub - My Record,https://charmswiki.com/wiki/252/staff-hub-my-record
379,Staff Hub - Registration and Logging in,https://charmswiki.com/wiki/251/staff-hub-registration-and-logging-in
380,Subject Access Request (SAR) - How to get the Information out of CHARMS,https://charmswiki.com/wiki/339/subject-access-request-sar-how-to-get-the-information-out-of-charms
381,Third Party User - Account Setup,https://charmswiki.com/wiki/245/third-party-user-account-setup
382,Third Party Users - Homepage and Uploaded Files,https://charmswiki.com/wiki/304/third-party-users-homepage-and-uploaded-files
383,Third Party Users - Progress,https://charmswiki.com/wiki/246/third-party-users-progress
384,University of Salford - Adding comments to a reflection,https://charmswiki.com/wiki/338/university-of-salford-adding-comments-to-a-reflection
385,University of Salford - Step Up to Social Work process,https://charmswiki.com/wiki/326/university-of-salford-step-up-to-social-work-process
386,Useful information when using CHARMS,https://charmswiki.com/wiki/255/useful-information-when-using-charms
387,Verifying Progress and Logs,https://charmswiki.com/wiki/132/verifying-progress-and-logs
388,Welcome to the CHARMS wiki,https://charmswiki.com/wiki/2/welcome-to-the-charms-wiki
